CompID,RespoID,AVC,IV,StartDate,Category,TypeOfService,Rating
1,59,"$116,441.91 ","$8,199.92 ",2015-04-19,Diamond,Cloud,3
18,9,"$74,492.63 ","$6,928.79 ",2016-01-14,Premium,On-premises,4
15,44,"$89,556.58 ","$8,159.97 ",2017-02-23,Gold,On-premises,5
8,28,"$49,941.77 ","$7,950.70 ",2017-12-11,Premium,Cloud,1
6,44,"$69,305.23 ","$8,753.75 ",2018-01-02,Silver,On-premises,3
5,48,"$115,750.32 ","$7,598.88 ",2016-07-28,Premium,On-premises,4
5,21,"$33,307.87 ","$7,950.85 ",2015-05-15,Gold,On-premises,1
5,43,"$60,177.26 ","$8,940.73 ",2015-10-10,Silver,Cloud,3
1,9,"$119,332.35 ","$6,244.41 ",2017-12-01,Gold,Cloud,5
11,5,"$57,117.89 ","$8,150.63 ",2016-10-15,Gold,Cloud,1
9,49,"$109,492.59 ","$6,244.64 ",2015-08-25,Gold,On-premises,5
11,25,"$103,483.85 ","$6,778.88 ",2016-07-09,Silver,On-premises,5
18,43,"$88,193.16 ","$8,938.41 ",2018-06-09,Gold,Cloud,3
11,12,"$88,694.57 ","$8,852.26 ",2016-06-30,Diamond,On-premises,4
12,18,"$38,107.68 ","$9,258.80 ",2017-05-29,Gold,Cloud,3
14,26,"$35,456.82 ","$6,713.38 ",2016-02-14,Silver,On-premises,3
3,17,"$85,183.98 ","$7,781.75 ",2016-04-14,Premium,Cloud,4
3,14,"$35,646.64 ","$6,936.12 ",2018-04-27,Premium,Cloud,2
17,35,"$44,987.84 ","$5,715.34 ",2016-07-01,Diamond,On-premises,3
14,53,"$65,629.62 ","$5,373.73 ",2017-12-26,Gold,On-premises,5
8,28,"$82,101.30 ","$8,622.19 ",2018-04-22,Premium,On-premises,5
9,38,"$110,911.35 ","$7,121.67 ",2018-05-02,Diamond,On-premises,5
3,11,"$30,348.42 ","$9,459.04 ",2018-03-07,Diamond,Cloud,5
4,6,"$91,362.11 ","$6,351.65 ",2016-01-24,Gold,Cloud,2
10,33,"$112,513.78 ","$8,322.88 ",2016-08-04,Gold,Cloud,3
5,56,"$90,106.76 ","$8,395.36 ",2016-03-28,Premium,On-premises,4
13,16,"$88,632.31 ","$8,734.74 ",2017-12-19,Diamond,On-premises,1
7,21,"$75,591.49 ","$5,562.35 ",2018-07-24,Premium,Cloud,1
11,49,"$34,282.44 ","$6,533.37 ",2017-10-24,Premium,Cloud,4
10,47,"$90,215.03 ","$9,224.66 ",2015-09-29,Gold,Cloud,5
8,43,"$30,044.48 ","$5,867.44 ",2015-10-08,Silver,Cloud,4
1,31,"$104,303.94 ","$6,773.53 ",2015-11-12,Premium,On-premises,4
19,33,"$89,586.60 ","$7,094.34 ",2017-10-21,Diamond,On-premises,2
14,53,"$114,138.96 ","$11,797.98 ",2017-09-13,Diamond,Cloud,2
18,46,"$37,040.15 ","$11,460.14 ",2017-01-13,Gold,Cloud,1
13,30,"$82,887.05 ","$8,637.02 ",2015-02-10,Silver,Cloud,1
20,43,"$80,804.61 ","$10,396.87 ",2018-02-10,Diamond,Cloud,1
3,19,"$53,162.48 ","$8,707.14 ",2015-02-02,Silver,On-premises,4
1,39,"$115,905.88 ","$7,168.79 ",2015-04-29,Premium,Cloud,1
5,34,"$113,686.93 ","$6,802.69 ",2015-01-29,Diamond,On-premises,4
10,31,"$34,520.27 ","$8,647.96 ",2018-03-08,Premium,On-premises,2
20,20,"$83,806.39 ","$5,915.96 ",2016-02-21,Gold,Cloud,1
14,32,"$34,871.86 ","$8,907.67 ",2017-10-18,Diamond,Cloud,1
10,28,"$112,731.82 ","$5,386.26 ",2017-04-04,Silver,On-premises,3
14,45,"$73,360.85 ","$5,581.84 ",2016-02-09,Diamond,Cloud,2
15,2,"$111,184.99 ","$11,141.66 ",2017-10-05,Diamond,On-premises,3
16,35,"$48,583.76 ","$11,388.57 ",2016-10-28,Silver,Cloud,4
3,33,"$111,130.00 ","$11,503.40 ",2016-11-24,Silver,On-premises,4
2,32,"$113,623.91 ","$8,428.68 ",2015-05-09,Diamond,Cloud,2
17,40,"$102,958.94 ","$9,618.10 ",2016-10-15,Diamond,Cloud,4
2,56,"$81,410.31 ","$11,565.04 ",2017-06-17,Diamond,Cloud,1
19,8,"$85,899.07 ","$10,206.51 ",2017-07-29,Diamond,On-premises,5
9,11,"$84,998.85 ","$7,606.29 ",2015-09-22,Diamond,On-premises,4
2,22,"$91,218.69 ","$7,787.13 ",2016-07-02,Silver,Cloud,3
5,28,"$68,805.10 ","$5,689.65 ",2016-12-16,Diamond,On-premises,5
4,18,"$54,506.43 ","$9,834.70 ",2016-05-15,Gold,On-premises,5
12,24,"$50,432.06 ","$8,424.72 ",2016-07-12,Gold,On-premises,5
2,60,"$70,159.93 ","$11,214.37 ",2016-09-14,Premium,Cloud,3
18,45,"$45,126.80 ","$5,658.78 ",2015-05-17,Premium,Cloud,3
13,33,"$65,432.93 ","$9,537.81 ",2018-02-05,Silver,Cloud,2
4,58,"$44,555.61 ","$10,461.51 ",2015-03-26,Silver,On-premises,1
6,29,"$107,389.24 ","$5,475.90 ",2017-07-14,Premium,Cloud,5
2,54,"$61,416.40 ","$11,807.91 ",2015-09-20,Gold,Cloud,4
13,32,"$41,695.92 ","$9,248.62 ",2017-08-31,Silver,On-premises,5
14,18,"$59,898.62 ","$5,638.22 ",2015-11-19,Silver,On-premises,5
17,36,"$45,044.11 ","$8,159.86 ",2017-09-07,Premium,Cloud,2
10,3,"$32,425.06 ","$6,000.95 ",2016-05-28,Premium,On-premises,4
8,26,"$49,546.20 ","$5,445.78 ",2016-07-17,Premium,On-premises,1
9,4,"$66,794.97 ","$10,394.17 ",2016-01-11,Diamond,Cloud,5
20,33,"$91,657.56 ","$8,603.71 ",2017-11-09,Gold,On-premises,5
12,23,"$85,066.55 ","$10,606.05 ",2016-04-21,Silver,On-premises,2
15,4,"$52,349.44 ","$11,655.67 ",2017-11-12,Premium,On-premises,2
19,16,"$101,792.71 ","$10,704.01 ",2018-02-10,Premium,On-premises,2
9,10,"$115,286.45 ","$8,539.65 ",2016-02-17,Premium,Cloud,2
16,30,"$66,645.15 ","$5,382.72 ",2015-03-28,Gold,Cloud,4
6,44,"$107,775.08 ","$7,838.89 ",2015-07-25,Diamond,On-premises,5
8,14,"$102,194.11 ","$7,662.13 ",2016-09-12,Premium,On-premises,4
14,26,"$117,201.28 ","$6,510.78 ",2017-08-30,Premium,On-premises,4
17,32,"$49,170.69 ","$8,906.29 ",2016-10-07,Silver,On-premises,3
17,5,"$78,852.51 ","$7,934.22 ",2016-06-13,Silver,Cloud,5
16,29,"$94,866.96 ","$8,255.76 ",2016-05-28,Gold,On-premises,2
3,10,"$73,340.14 ","$10,707.42 ",2015-12-07,Premium,Cloud,4
16,8,"$62,109.67 ","$11,881.44 ",2017-05-07,Diamond,On-premises,5
7,32,"$115,315.98 ","$10,122.61 ",2016-09-27,Gold,Cloud,1
15,53,"$104,186.39 ","$10,919.10 ",2015-05-21,Silver,On-premises,5
2,38,"$66,079.48 ","$7,462.08 ",2015-03-14,Premium,On-premises,5
15,21,"$101,065.93 ","$5,788.18 ",2017-08-28,Diamond,Cloud,1
7,32,"$51,023.67 ","$10,473.42 ",2018-03-31,Diamond,On-premises,4
20,41,"$100,925.55 ","$9,851.09 ",2017-02-27,Premium,On-premises,1
9,23,"$87,335.69 ","$5,283.72 ",2017-02-10,Diamond,On-premises,2
20,8,"$77,122.40 ","$10,803.02 ",2017-08-30,Silver,Cloud,4
15,9,"$32,511.33 ","$5,872.63 ",2016-02-03,Gold,Cloud,5
8,13,"$109,067.82 ","$7,048.69 ",2016-07-09,Gold,On-premises,3
9,14,"$39,311.70 ","$5,597.76 ",2016-03-22,Diamond,Cloud,5
12,7,"$33,238.20 ","$7,646.85 ",2017-06-29,Gold,Cloud,2
7,12,"$48,063.33 ","$6,267.57 ",2015-05-08,Diamond,On-premises,4
18,11,"$110,970.95 ","$10,336.76 ",2016-06-29,Premium,Cloud,5
8,58,"$112,457.36 ","$6,154.54 ",2018-06-06,Diamond,On-premises,3
2,10,"$119,546.68 ","$6,253.27 ",2016-08-18,Gold,On-premises,1
20,17,"$99,940.63 ","$9,882.15 ",2016-04-29,Silver,On-premises,1
2,35,"$110,178.16 ","$11,316.88 ",2015-05-04,Gold,Cloud,1
12,48,"$104,326.92 ","$6,074.23 ",2018-06-11,Gold,Cloud,4
14,2,"$103,381.01 ","$6,847.48 ",2018-05-08,Gold,On-premises,5
13,50,"$65,491.53 ","$8,570.26 ",2018-01-24,Gold,On-premises,5
11,42,"$110,058.59 ","$6,584.26 ",2018-04-18,Premium,Cloud,2
8,1,"$109,696.69 ","$11,187.84 ",2015-02-17,Silver,On-premises,3
8,3,"$108,319.05 ","$7,800.47 ",2015-07-06,Premium,On-premises,5
15,19,"$83,758.02 ","$9,512.24 ",2016-08-16,Premium,On-premises,2
20,26,"$46,707.11 ","$9,177.97 ",2016-10-25,Silver,On-premises,5
11,39,"$75,195.25 ","$7,079.99 ",2016-06-02,Diamond,Cloud,3
16,50,"$62,117.20 ","$11,123.30 ",2017-05-28,Diamond,On-premises,2
20,59,"$72,970.26 ","$5,662.42 ",2017-11-30,Silver,On-premises,3
15,53,"$77,181.98 ","$9,651.01 ",2015-05-02,Premium,Cloud,1
19,56,"$42,575.44 ","$7,079.75 ",2018-03-13,Gold,Cloud,5
13,26,"$39,365.35 ","$5,978.21 ",2016-10-20,Gold,On-premises,3
13,12,"$101,873.18 ","$7,178.79 ",2017-09-11,Premium,Cloud,4
2,7,"$76,122.51 ","$5,212.44 ",2017-08-09,Premium,On-premises,1
19,11,"$34,567.09 ","$10,433.00 ",2015-12-10,Diamond,On-premises,4
12,57,"$71,973.67 ","$8,577.57 ",2017-04-16,Premium,Cloud,4
9,41,"$118,438.81 ","$9,106.43 ",2018-07-07,Diamond,Cloud,2
1,58,"$107,772.63 ","$6,791.72 ",2018-07-08,Gold,Cloud,4
7,4,"$46,294.42 ","$10,417.48 ",2016-10-10,Diamond,Cloud,3
20,18,"$83,541.52 ","$6,142.14 ",2016-04-14,Silver,Cloud,5
12,39,"$113,553.10 ","$7,972.08 ",2016-03-08,Diamond,Cloud,3
10,16,"$43,595.38 ","$7,368.97 ",2015-12-02,Diamond,On-premises,3
4,1,"$33,235.19 ","$10,502.37 ",2016-11-03,Diamond,Cloud,2
5,54,"$52,613.57 ","$10,728.81 ",2018-04-23,Diamond,Cloud,4
1,50,"$110,529.28 ","$6,235.49 ",2016-11-01,Gold,Cloud,2
9,51,"$90,163.78 ","$10,203.16 ",2018-04-02,Premium,Cloud,2
13,37,"$49,015.47 ","$10,070.87 ",2017-07-23,Silver,Cloud,3
14,40,"$32,213.18 ","$7,285.55 ",2017-04-28,Gold,On-premises,1
7,24,"$58,496.24 ","$5,859.07 ",2015-01-22,Diamond,On-premises,2
5,32,"$33,605.16 ","$9,259.51 ",2015-09-20,Silver,On-premises,3
6,40,"$75,921.81 ","$10,053.96 ",2018-06-28,Silver,On-premises,2
1,39,"$90,365.04 ","$7,180.76 ",2017-03-22,Silver,On-premises,1
18,9,"$99,857.02 ","$10,285.02 ",2016-03-13,Premium,On-premises,1
1,12,"$47,795.06 ","$6,317.29 ",2018-07-31,Silver,On-premises,1
17,8,"$70,498.61 ","$6,915.58 ",2015-10-31,Premium,On-premises,2
8,10,"$54,789.75 ","$8,707.87 ",2015-08-24,Premium,Cloud,4
7,15,"$113,358.50 ","$8,757.81 ",2017-09-12,Silver,Cloud,1
16,31,"$43,571.82 ","$6,318.36 ",2017-01-25,Diamond,On-premises,1
17,27,"$45,884.78 ","$7,144.83 ",2015-12-29,Diamond,On-premises,4
17,29,"$95,899.10 ","$11,454.06 ",2015-05-04,Diamond,On-premises,4
12,28,"$59,062.57 ","$10,232.96 ",2018-01-05,Gold,On-premises,4
1,51,"$110,299.90 ","$8,717.57 ",2015-11-08,Gold,On-premises,1
10,22,"$82,481.95 ","$8,203.81 ",2016-12-06,Gold,On-premises,2
16,52,"$71,237.99 ","$11,446.57 ",2017-10-03,Premium,Cloud,4
5,1,"$107,781.95 ","$7,532.63 ",2017-10-18,Diamond,On-premises,2
17,27,"$48,466.65 ","$6,849.26 ",2016-09-27,Gold,Cloud,3
4,56,"$56,376.64 ","$8,687.27 ",2018-07-21,Gold,On-premises,5
3,23,"$31,764.02 ","$10,997.93 ",2017-12-28,Premium,Cloud,4
10,37,"$90,469.95 ","$10,999.37 ",2017-05-24,Gold,On-premises,1
17,3,"$34,292.00 ","$11,355.18 ",2016-06-27,Silver,On-premises,3
19,57,"$38,365.70 ","$6,249.07 ",2018-07-20,Premium,Cloud,5
10,51,"$40,674.25 ","$5,739.85 ",2017-05-10,Diamond,On-premises,1
11,53,"$107,528.63 ","$10,029.09 ",2017-09-28,Diamond,Cloud,4
16,20,"$66,221.20 ","$6,320.65 ",2015-08-31,Diamond,Cloud,5
2,58,"$44,875.08 ","$11,527.25 ",2017-10-25,Diamond,On-premises,1
1,56,"$52,745.32 ","$10,631.88 ",2016-04-06,Gold,Cloud,4
5,56,"$94,256.57 ","$8,048.23 ",2016-12-05,Gold,Cloud,3
16,28,"$108,697.74 ","$9,936.30 ",2015-12-25,Premium,On-premises,2
14,16,"$89,679.19 ","$11,212.77 ",2015-02-06,Gold,Cloud,3
2,22,"$90,499.35 ","$6,699.99 ",2015-09-16,Silver,On-premises,2
3,28,"$36,891.99 ","$6,160.81 ",2016-03-17,Diamond,Cloud,1
14,48,"$30,173.84 ","$5,990.53 ",2015-08-01,Premium,Cloud,2
12,60,"$45,680.54 ","$6,846.81 ",2016-04-23,Premium,On-premises,4
2,6,"$74,021.20 ","$7,629.46 ",2018-06-06,Premium,On-premises,4
15,4,"$112,490.05 ","$5,949.52 ",2016-04-17,Silver,Cloud,3
7,52,"$76,774.38 ","$10,359.10 ",2018-03-04,Diamond,On-premises,4
7,24,"$119,907.86 ","$9,166.54 ",2016-10-15,Gold,Cloud,3
13,39,"$61,899.79 ","$10,685.94 ",2015-09-17,Silver,Cloud,4
18,33,"$49,473.51 ","$8,092.29 ",2015-03-23,Gold,On-premises,3
5,3,"$63,914.82 ","$7,473.73 ",2015-05-23,Gold,Cloud,3
8,31,"$49,216.23 ","$9,644.51 ",2017-07-08,Diamond,On-premises,5
19,16,"$83,000.22 ","$8,487.93 ",2015-02-03,Diamond,On-premises,2
16,18,"$101,040.78 ","$10,109.37 ",2016-05-24,Gold,On-premises,5
11,45,"$57,487.19 ","$5,570.91 ",2016-02-06,Silver,On-premises,4
6,16,"$41,587.70 ","$8,748.81 ",2016-06-25,Silver,Cloud,5
17,28,"$72,121.94 ","$9,858.80 ",2016-12-08,Gold,On-premises,4
2,8,"$101,137.98 ","$7,838.21 ",2017-07-27,Gold,On-premises,1
15,1,"$69,688.08 ","$6,537.33 ",2017-07-08,Gold,On-premises,5
1,52,"$81,629.65 ","$8,811.96 ",2017-01-23,Gold,On-premises,1
18,35,"$63,421.38 ","$6,530.37 ",2015-12-23,Gold,Cloud,5
4,20,"$95,346.53 ","$7,450.17 ",2017-12-27,Gold,Cloud,4
3,52,"$55,977.17 ","$6,011.82 ",2017-04-03,Premium,Cloud,3
3,5,"$97,176.45 ","$6,176.71 ",2015-02-27,Silver,Cloud,2
8,3,"$89,150.84 ","$10,997.19 ",2016-02-14,Silver,On-premises,2
5,45,"$106,730.57 ","$5,485.14 ",2017-03-31,Diamond,Cloud,2
8,29,"$88,089.81 ","$11,705.21 ",2016-12-25,Premium,Cloud,3
16,21,"$67,234.93 ","$9,632.83 ",2015-02-18,Premium,Cloud,5
12,8,"$60,445.13 ","$5,694.00 ",2016-09-23,Silver,Cloud,3
19,48,"$35,295.96 ","$9,216.67 ",2017-05-27,Premium,Cloud,1
3,34,"$81,160.04 ","$5,368.61 ",2015-11-11,Gold,Cloud,5
6,40,"$40,550.65 ","$8,749.88 ",2017-11-06,Gold,On-premises,4
1,59,"$42,464.64 ","$6,713.85 ",2017-09-15,Premium,On-premises,3
20,26,"$44,882.59 ","$9,782.84 ",2017-09-07,Gold,Cloud,4
20,60,"$51,025.59 ","$10,257.37 ",2015-09-13,Silver,Cloud,3
14,30,"$57,187.69 ","$10,424.17 ",2017-05-22,Gold,On-premises,5
18,55,"$43,452.65 ","$9,978.13 ",2016-05-14,Diamond,On-premises,2
10,58,"$53,520.34 ","$11,726.84 ",2018-05-19,Silver,Cloud,3
12,26,"$103,883.71 ","$6,907.83 ",2015-06-04,Diamond,On-premises,1
18,14,"$69,476.85 ","$10,488.08 ",2015-08-17,Diamond,On-premises,1
4,5,"$117,786.22 ","$10,548.42 ",2016-03-27,Diamond,On-premises,5
12,28,"$69,676.23 ","$11,709.51 ",2018-06-03,Gold,Cloud,5
18,6,"$58,276.77 ","$5,742.52 ",2018-05-05,Premium,Cloud,5
11,35,"$54,102.58 ","$9,938.94 ",2015-09-03,Diamond,On-premises,3
5,25,"$97,687.86 ","$11,152.42 ",2015-03-19,Premium,On-premises,3
9,42,"$115,533.69 ","$9,849.32 ",2016-04-06,Silver,On-premises,4
5,11,"$85,043.66 ","$8,327.29 ",2017-06-06,Premium,Cloud,2
16,21,"$43,303.73 ","$11,291.93 ",2016-09-27,Diamond,On-premises,2
10,30,"$117,518.48 ","$7,095.44 ",2017-01-17,Premium,On-premises,5
13,21,"$37,083.07 ","$11,100.88 ",2018-03-09,Diamond,Cloud,3
14,51,"$43,319.84 ","$6,634.62 ",2018-03-08,Premium,Cloud,4
19,16,"$74,338.67 ","$8,988.90 ",2015-10-08,Premium,On-premises,3
2,44,"$49,602.57 ","$9,465.59 ",2018-06-24,Premium,Cloud,4
12,33,"$117,851.16 ","$9,508.95 ",2017-11-07,Silver,Cloud,1
7,55,"$54,518.36 ","$8,619.62 ",2017-06-20,Premium,Cloud,4
4,20,"$93,294.85 ","$5,572.91 ",2016-08-03,Silver,Cloud,5
3,26,"$89,727.78 ","$5,638.36 ",2017-06-25,Diamond,Cloud,2
17,44,"$109,443.85 ","$11,919.64 ",2015-06-02,Gold,Cloud,3
20,12,"$92,599.88 ","$9,193.26 ",2016-03-27,Silver,Cloud,2
17,48,"$33,031.12 ","$7,588.55 ",2016-04-20,Gold,Cloud,2
7,24,"$39,254.90 ","$8,563.98 ",2015-03-08,Silver,Cloud,5
5,7,"$81,247.02 ","$8,708.11 ",2017-06-12,Premium,Cloud,1
16,59,"$76,716.86 ","$10,501.26 ",2016-04-24,Premium,Cloud,1
14,42,"$80,382.81 ","$8,949.74 ",2017-10-16,Gold,Cloud,1
7,25,"$64,949.84 ","$9,779.15 ",2017-10-18,Gold,Cloud,2
1,39,"$106,972.40 ","$9,363.05 ",2018-07-16,Diamond,Cloud,2
13,3,"$89,850.51 ","$6,874.75 ",2015-01-11,Silver,On-premises,4
5,47,"$50,711.24 ","$11,603.24 ",2018-05-17,Silver,Cloud,4
1,16,"$98,238.60 ","$8,879.49 ",2016-08-10,Premium,Cloud,3
12,19,"$55,404.29 ","$7,879.95 ",2018-01-16,Silver,Cloud,4
10,51,"$69,802.44 ","$8,197.03 ",2015-01-05,Silver,On-premises,3
3,7,"$58,956.21 ","$8,175.00 ",2017-05-23,Premium,Cloud,5
9,55,"$86,819.50 ","$5,642.27 ",2016-02-17,Diamond,On-premises,1
11,1,"$32,269.01 ","$10,462.30 ",2015-12-13,Premium,Cloud,4
12,20,"$76,624.74 ","$11,684.83 ",2018-04-21,Silver,On-premises,1
4,60,"$50,074.65 ","$10,717.68 ",2016-11-07,Premium,Cloud,3
5,38,"$112,981.34 ","$8,576.32 ",2016-12-28,Diamond,On-premises,1
5,60,"$50,422.31 ","$8,910.30 ",2016-08-07,Diamond,On-premises,3
17,56,"$104,303.21 ","$7,343.25 ",2015-04-18,Diamond,On-premises,4
1,51,"$105,729.40 ","$5,303.54 ",2015-03-30,Gold,On-premises,5
13,7,"$67,421.49 ","$7,701.81 ",2017-05-03,Diamond,Cloud,2
2,58,"$100,915.72 ","$8,328.48 ",2016-06-01,Diamond,Cloud,1
14,36,"$35,019.36 ","$10,422.63 ",2018-05-26,Premium,On-premises,1
12,14,"$55,568.31 ","$8,577.75 ",2018-02-17,Premium,On-premises,5
15,54,"$64,670.34 ","$9,444.05 ",2017-05-20,Diamond,Cloud,5
16,13,"$111,573.02 ","$10,542.88 ",2017-04-20,Diamond,On-premises,2
20,59,"$47,008.32 ","$8,865.77 ",2017-05-13,Diamond,On-premises,3
8,8,"$59,967.65 ","$11,416.16 ",2017-09-20,Silver,Cloud,4
3,40,"$43,374.44 ","$7,349.62 ",2015-10-16,Diamond,Cloud,4
12,37,"$31,199.35 ","$9,969.48 ",2015-05-10,Silver,Cloud,4
10,33,"$63,986.12 ","$9,641.41 ",2016-05-08,Silver,On-premises,4
4,56,"$36,016.45 ","$5,421.90 ",2016-09-25,Diamond,Cloud,5
6,47,"$58,621.59 ","$9,007.24 ",2016-03-28,Diamond,Cloud,3
10,56,"$61,013.99 ","$7,677.27 ",2015-07-04,Silver,Cloud,2
11,12,"$53,638.01 ","$11,347.43 ",2016-07-30,Premium,Cloud,1
16,59,"$108,292.94 ","$9,358.94 ",2018-06-09,Silver,Cloud,2
10,4,"$111,168.99 ","$9,739.44 ",2017-05-04,Silver,Cloud,1
13,52,"$40,143.59 ","$6,975.02 ",2016-03-20,Diamond,Cloud,2
2,19,"$75,768.97 ","$7,273.19 ",2018-01-17,Silver,Cloud,3
10,24,"$118,578.63 ","$11,268.47 ",2016-01-15,Gold,Cloud,2
13,33,"$32,585.60 ","$10,947.35 ",2017-03-14,Diamond,On-premises,4
1,23,"$106,136.32 ","$5,534.45 ",2018-05-12,Gold,On-premises,1
7,11,"$92,214.76 ","$8,748.91 ",2016-11-07,Gold,On-premises,3
5,44,"$42,363.66 ","$8,676.83 ",2016-09-03,Premium,Cloud,2
6,14,"$50,025.96 ","$7,339.98 ",2015-08-17,Gold,On-premises,4
7,49,"$92,370.75 ","$10,761.38 ",2015-01-30,Diamond,On-premises,4
8,2,"$58,012.73 ","$6,867.28 ",2017-07-03,Premium,On-premises,3
3,1,"$105,069.80 ","$11,601.08 ",2018-04-14,Diamond,On-premises,4
11,49,"$93,464.93 ","$11,456.65 ",2018-05-22,Premium,On-premises,5
16,44,"$69,945.39 ","$11,861.73 ",2017-10-28,Premium,Cloud,4
2,9,"$96,483.94 ","$6,046.95 ",2016-04-03,Silver,Cloud,3
9,58,"$73,315.88 ","$9,574.80 ",2017-12-13,Gold,Cloud,4
14,30,"$114,421.44 ","$7,263.82 ",2015-12-23,Silver,Cloud,3
6,55,"$78,669.12 ","$9,079.35 ",2016-07-02,Premium,On-premises,1
1,30,"$96,902.00 ","$8,277.46 ",2018-06-25,Gold,Cloud,1
10,13,"$50,567.61 ","$7,337.41 ",2016-07-24,Silver,Cloud,1
10,16,"$77,706.55 ","$8,457.94 ",2016-07-22,Diamond,Cloud,2
16,4,"$68,982.12 ","$8,504.59 ",2016-03-09,Gold,On-premises,2
2,20,"$76,371.62 ","$6,792.33 ",2017-10-23,Premium,Cloud,5
9,46,"$83,072.14 ","$8,537.33 ",2017-12-29,Diamond,Cloud,1
10,35,"$31,311.60 ","$5,114.68 ",2015-12-02,Gold,Cloud,5
17,9,"$80,807.98 ","$5,860.49 ",2018-05-24,Gold,Cloud,5
9,40,"$110,646.47 ","$9,428.77 ",2018-02-06,Silver,On-premises,3
3,29,"$56,786.00 ","$8,302.89 ",2015-10-15,Silver,On-premises,1
20,17,"$37,983.69 ","$6,198.49 ",2017-01-24,Silver,On-premises,2
16,21,"$81,609.12 ","$6,053.07 ",2015-04-08,Gold,Cloud,5
15,30,"$80,996.56 ","$11,381.09 ",2015-06-10,Diamond,Cloud,4
10,5,"$56,121.65 ","$8,313.74 ",2015-02-03,Silver,On-premises,3
2,59,"$107,121.73 ","$9,476.71 ",2015-09-14,Gold,Cloud,4
11,37,"$52,717.43 ","$8,867.62 ",2016-07-13,Silver,Cloud,5
15,13,"$119,434.20 ","$9,498.14 ",2017-12-08,Silver,Cloud,3
11,20,"$85,663.17 ","$6,162.91 ",2018-05-07,Gold,Cloud,4
8,30,"$83,589.93 ","$9,800.92 ",2015-04-10,Gold,Cloud,2
18,11,"$56,425.82 ","$5,700.11 ",2017-12-23,Silver,Cloud,1
12,59,"$72,345.57 ","$5,237.94 ",2016-11-07,Silver,On-premises,2
9,5,"$76,989.65 ","$9,027.18 ",2017-08-04,Diamond,Cloud,4
1,18,"$60,303.85 ","$10,011.55 ",2017-04-30,Diamond,On-premises,2
8,16,"$107,713.12 ","$9,004.96 ",2017-01-16,Silver,Cloud,5
13,34,"$46,145.48 ","$11,905.23 ",2015-08-17,Gold,On-premises,3
13,50,"$105,021.07 ","$7,886.30 ",2018-03-30,Gold,On-premises,1
15,50,"$80,448.50 ","$6,745.63 ",2018-02-16,Premium,On-premises,2
10,37,"$53,251.90 ","$9,136.06 ",2015-12-16,Gold,Cloud,2
5,50,"$102,542.98 ","$5,356.44 ",2017-05-22,Gold,Cloud,5
19,7,"$115,046.67 ","$7,629.95 ",2018-01-06,Premium,On-premises,5
14,9,"$73,046.85 ","$6,720.65 ",2018-06-30,Diamond,Cloud,3
3,37,"$103,348.21 ","$10,906.23 ",2017-05-23,Silver,On-premises,3
16,51,"$91,016.37 ","$11,016.91 ",2015-03-17,Silver,On-premises,4
9,1,"$35,330.65 ","$6,690.14 ",2016-12-01,Silver,On-premises,4
15,1,"$117,459.86 ","$8,666.36 ",2015-11-25,Diamond,Cloud,4
2,34,"$65,639.64 ","$5,867.50 ",2016-01-02,Gold,On-premises,1
7,22,"$72,525.19 ","$6,421.10 ",2017-10-26,Gold,On-premises,3
1,43,"$52,936.24 ","$9,666.39 ",2017-12-28,Premium,Cloud,1
19,5,"$85,950.40 ","$5,830.84 ",2017-04-19,Silver,On-premises,3
1,12,"$115,692.83 ","$7,297.66 ",2016-03-04,Gold,Cloud,5
5,31,"$85,547.89 ","$8,454.52 ",2015-10-05,Silver,Cloud,3
13,36,"$106,219.28 ","$10,344.24 ",2017-05-09,Diamond,Cloud,3
18,20,"$58,451.43 ","$7,332.87 ",2016-06-23,Premium,On-premises,1
10,43,"$47,144.11 ","$7,141.94 ",2017-02-26,Silver,On-premises,5
8,19,"$87,179.18 ","$9,395.66 ",2017-04-23,Gold,On-premises,1
7,52,"$103,471.90 ","$11,147.12 ",2016-03-30,Gold,On-premises,4
17,8,"$117,395.14 ","$11,997.77 ",2017-12-24,Silver,On-premises,5
10,13,"$70,345.65 ","$7,761.09 ",2016-06-01,Premium,Cloud,2
6,59,"$97,735.58 ","$11,722.69 ",2017-03-02,Silver,On-premises,5
2,2,"$74,552.51 ","$9,041.88 ",2016-04-21,Silver,On-premises,1
7,44,"$45,648.53 ","$9,638.18 ",2016-09-16,Gold,Cloud,4
3,57,"$100,367.71 ","$8,906.83 ",2016-01-24,Gold,On-premises,5
5,4,"$54,243.55 ","$7,448.88 ",2015-05-01,Silver,On-premises,1
11,47,"$93,476.83 ","$6,252.76 ",2017-02-26,Silver,On-premises,5
3,48,"$103,796.23 ","$5,939.67 ",2016-06-12,Silver,Cloud,4
15,34,"$50,547.69 ","$11,846.75 ",2015-02-26,Gold,Cloud,4
18,11,"$107,975.73 ","$7,418.97 ",2017-05-06,Diamond,Cloud,2
3,22,"$89,376.70 ","$9,925.02 ",2018-01-16,Gold,On-premises,1
6,14,"$61,462.14 ","$11,143.37 ",2017-01-13,Gold,Cloud,4
13,42,"$114,098.61 ","$6,418.85 ",2015-08-15,Silver,Cloud,2
3,54,"$61,363.22 ","$10,200.37 ",2016-01-16,Silver,On-premises,2
19,23,"$53,561.58 ","$6,050.00 ",2015-12-23,Gold,Cloud,5
3,36,"$81,637.64 ","$5,570.60 ",2015-12-22,Premium,Cloud,5
12,53,"$115,243.50 ","$6,735.13 ",2017-04-25,Gold,Cloud,4
13,24,"$65,018.23 ","$10,575.29 ",2015-08-18,Silver,Cloud,3
13,31,"$89,705.91 ","$11,933.19 ",2018-03-02,Premium,Cloud,5
3,14,"$83,476.17 ","$6,097.08 ",2016-10-21,Gold,On-premises,3
6,36,"$118,805.11 ","$11,923.08 ",2016-08-04,Gold,On-premises,1
16,54,"$36,447.95 ","$11,328.44 ",2018-05-21,Premium,Cloud,4
8,38,"$39,094.55 ","$11,969.77 ",2017-02-08,Diamond,Cloud,2
8,21,"$89,509.54 ","$11,078.27 ",2015-04-03,Premium,Cloud,5
16,18,"$46,359.20 ","$7,853.13 ",2017-09-10,Diamond,Cloud,4
8,17,"$72,459.43 ","$8,685.72 ",2015-02-03,Diamond,On-premises,1
2,40,"$59,403.02 ","$6,991.46 ",2015-05-02,Silver,Cloud,1
9,37,"$104,680.61 ","$10,064.51 ",2015-07-04,Premium,On-premises,4
19,42,"$79,495.63 ","$11,123.09 ",2017-12-12,Gold,Cloud,3
1,9,"$58,699.99 ","$8,517.64 ",2017-05-23,Gold,Cloud,4
7,47,"$58,697.98 ","$6,038.01 ",2016-04-04,Premium,Cloud,3
17,57,"$64,474.57 ","$7,774.85 ",2018-01-15,Diamond,On-premises,3
8,13,"$104,130.96 ","$9,286.86 ",2015-04-14,Gold,Cloud,5
17,16,"$33,453.42 ","$10,328.21 ",2016-11-04,Gold,Cloud,3
13,12,"$46,374.40 ","$10,259.88 ",2015-06-04,Diamond,Cloud,2
14,33,"$100,589.47 ","$9,993.64 ",2015-05-14,Gold,Cloud,2
4,29,"$90,601.47 ","$8,342.91 ",2016-02-19,Gold,On-premises,4
8,6,"$110,604.78 ","$8,849.84 ",2017-07-01,Gold,On-premises,5
8,2,"$50,469.64 ","$5,156.84 ",2017-01-17,Diamond,Cloud,1
16,37,"$106,711.39 ","$5,452.96 ",2017-02-25,Diamond,On-premises,2
4,8,"$59,097.92 ","$10,395.51 ",2016-04-04,Silver,On-premises,4
19,32,"$58,419.56 ","$8,829.54 ",2018-05-19,Diamond,Cloud,1
5,28,"$86,773.58 ","$6,457.33 ",2015-02-12,Premium,Cloud,4
20,32,"$114,964.61 ","$6,812.28 ",2018-04-27,Premium,On-premises,2
16,50,"$101,804.68 ","$7,356.38 ",2015-12-07,Silver,Cloud,3
2,7,"$115,330.57 ","$11,865.76 ",2018-03-29,Premium,On-premises,1
15,12,"$71,466.15 ","$6,972.96 ",2017-03-03,Silver,On-premises,1
10,7,"$83,684.27 ","$10,274.58 ",2016-06-02,Diamond,On-premises,5
16,12,"$115,516.61 ","$10,655.09 ",2015-04-26,Premium,On-premises,2
14,49,"$78,165.04 ","$11,504.99 ",2015-10-18,Gold,On-premises,4
13,48,"$40,020.25 ","$5,249.31 ",2016-01-30,Silver,Cloud,3
6,21,"$99,621.95 ","$10,804.15 ",2017-08-03,Gold,Cloud,1
12,9,"$64,543.76 ","$5,558.17 ",2015-12-28,Premium,On-premises,2
4,13,"$102,756.32 ","$9,221.89 ",2016-05-18,Gold,On-premises,3
2,13,"$51,885.81 ","$9,195.97 ",2015-10-05,Silver,On-premises,4
6,11,"$58,238.21 ","$6,284.44 ",2017-02-17,Silver,On-premises,3
14,49,"$77,117.27 ","$6,093.57 ",2016-08-28,Diamond,On-premises,2
3,51,"$35,234.78 ","$7,429.05 ",2017-09-17,Diamond,Cloud,5
12,56,"$80,386.65 ","$8,976.98 ",2017-03-18,Diamond,Cloud,2
10,25,"$54,234.56 ","$5,232.97 ",2016-12-06,Premium,On-premises,5
9,1,"$97,632.01 ","$8,194.38 ",2017-10-20,Gold,On-premises,1
3,34,"$98,146.31 ","$7,007.24 ",2016-12-21,Gold,Cloud,5
3,13,"$76,959.11 ","$9,384.61 ",2017-03-21,Silver,Cloud,2
4,35,"$39,733.35 ","$7,700.03 ",2016-07-04,Premium,On-premises,3
4,24,"$79,950.76 ","$9,440.15 ",2015-06-04,Silver,On-premises,4
1,29,"$35,846.86 ","$7,286.89 ",2017-02-17,Gold,Cloud,1
2,43,"$54,179.15 ","$6,790.87 ",2017-01-31,Premium,Cloud,5
19,12,"$97,835.13 ","$7,963.10 ",2015-04-22,Premium,Cloud,4
19,53,"$40,845.17 ","$11,015.59 ",2018-07-30,Premium,On-premises,5
11,46,"$82,312.91 ","$10,039.03 ",2015-04-06,Premium,On-premises,2
19,3,"$53,005.94 ","$6,535.18 ",2018-04-16,Silver,Cloud,5
20,5,"$32,179.57 ","$6,895.14 ",2017-03-10,Gold,On-premises,2
12,43,"$52,073.48 ","$6,772.83 ",2015-09-16,Silver,Cloud,3
15,8,"$88,525.80 ","$8,294.58 ",2018-04-29,Silver,On-premises,1
3,38,"$105,814.51 ","$9,240.96 ",2018-03-04,Diamond,On-premises,2
2,1,"$95,555.87 ","$6,475.85 ",2016-04-08,Gold,On-premises,4
17,39,"$115,458.43 ","$8,504.29 ",2016-04-03,Silver,Cloud,2
13,58,"$46,989.41 ","$10,081.94 ",2017-08-26,Diamond,On-premises,1
20,60,"$50,142.52 ","$7,529.12 ",2018-01-11,Silver,On-premises,2
5,49,"$86,260.51 ","$8,452.63 ",2018-05-27,Premium,Cloud,1
4,59,"$112,380.01 ","$9,460.59 ",2018-07-15,Premium,On-premises,1
20,31,"$38,999.65 ","$10,744.72 ",2015-02-28,Gold,Cloud,1
18,55,"$114,476.43 ","$8,091.33 ",2016-09-16,Silver,On-premises,2
8,9,"$81,361.24 ","$9,665.17 ",2015-10-05,Diamond,Cloud,1
6,37,"$89,943.99 ","$11,055.58 ",2015-07-06,Gold,On-premises,2
1,45,"$56,066.25 ","$11,340.45 ",2016-11-21,Diamond,On-premises,1
10,36,"$39,310.32 ","$11,982.42 ",2017-12-26,Diamond,On-premises,5
9,30,"$87,462.98 ","$9,390.73 ",2018-03-31,Silver,Cloud,4
19,26,"$104,780.52 ","$11,010.16 ",2016-10-07,Gold,On-premises,5
17,51,"$58,287.25 ","$6,155.27 ",2015-03-30,Diamond,On-premises,4
2,41,"$89,001.01 ","$6,000.01 ",2016-06-21,Gold,On-premises,2
6,3,"$111,163.66 ","$9,393.54 ",2018-05-27,Diamond,Cloud,2
17,14,"$100,951.87 ","$6,395.43 ",2016-10-02,Gold,Cloud,3
11,58,"$109,925.65 ","$10,693.87 ",2015-05-27,Diamond,On-premises,4
20,45,"$69,927.20 ","$8,359.43 ",2017-02-25,Premium,Cloud,4
4,44,"$113,400.84 ","$9,136.04 ",2016-09-30,Premium,Cloud,1
1,6,"$106,862.44 ","$11,455.21 ",2016-10-30,Premium,Cloud,1
11,46,"$67,002.62 ","$7,260.45 ",2016-10-20,Silver,On-premises,3
13,55,"$78,557.76 ","$11,108.99 ",2017-10-29,Premium,On-premises,4
18,16,"$43,006.99 ","$7,125.85 ",2018-04-13,Silver,Cloud,4
12,9,"$97,515.77 ","$5,546.78 ",2015-10-21,Gold,On-premises,2
20,2,"$87,632.50 ","$7,017.13 ",2015-02-15,Diamond,Cloud,2
18,52,"$119,897.59 ","$8,225.33 ",2015-02-27,Silver,Cloud,4
14,38,"$69,708.63 ","$6,056.25 ",2015-09-06,Premium,Cloud,2
17,15,"$55,129.41 ","$8,615.97 ",2017-03-17,Premium,Cloud,2
9,29,"$95,471.99 ","$9,548.58 ",2017-09-16,Diamond,Cloud,4
5,51,"$107,910.89 ","$8,794.73 ",2015-11-23,Gold,On-premises,5
18,16,"$51,340.21 ","$9,437.71 ",2016-12-09,Diamond,On-premises,3
18,17,"$84,706.14 ","$5,401.02 ",2015-02-17,Diamond,Cloud,2
20,30,"$39,011.00 ","$10,442.23 ",2017-09-11,Diamond,On-premises,1
5,41,"$89,797.81 ","$8,845.71 ",2016-07-11,Silver,On-premises,5
15,15,"$50,489.58 ","$5,432.18 ",2015-02-18,Silver,Cloud,2
16,8,"$50,030.14 ","$5,975.06 ",2017-12-28,Gold,On-premises,5
20,23,"$39,018.98 ","$5,489.84 ",2016-01-04,Diamond,On-premises,2
9,19,"$68,524.06 ","$5,291.49 ",2017-10-12,Gold,Cloud,1
19,31,"$114,550.73 ","$10,347.51 ",2016-01-30,Premium,On-premises,5
18,7,"$114,058.83 ","$10,947.52 ",2016-10-27,Premium,On-premises,4
16,24,"$100,018.41 ","$8,125.13 ",2016-02-24,Gold,On-premises,1
6,16,"$61,324.89 ","$6,269.73 ",2017-11-21,Premium,Cloud,4
1,46,"$82,792.98 ","$11,306.70 ",2015-05-17,Silver,Cloud,3
10,24,"$73,644.30 ","$8,302.00 ",2015-10-24,Silver,Cloud,4
12,17,"$76,692.97 ","$11,620.98 ",2017-12-17,Gold,On-premises,4
18,48,"$100,581.76 ","$6,834.38 ",2016-10-14,Premium,On-premises,1
6,14,"$45,258.52 ","$11,857.05 ",2017-05-03,Gold,Cloud,3
18,47,"$47,859.37 ","$7,393.44 ",2016-02-26,Diamond,Cloud,3
14,55,"$95,964.59 ","$11,429.51 ",2018-07-13,Silver,On-premises,2
13,43,"$47,527.26 ","$5,833.34 ",2017-08-03,Gold,Cloud,5
5,42,"$117,265.12 ","$11,160.40 ",2017-08-12,Silver,Cloud,3
14,11,"$43,139.44 ","$6,620.75 ",2018-03-09,Gold,Cloud,5
4,22,"$40,409.87 ","$5,589.16 ",2016-04-07,Diamond,Cloud,4
7,29,"$33,672.60 ","$6,566.31 ",2017-05-05,Premium,On-premises,2
16,24,"$107,890.76 ","$7,636.08 ",2015-05-24,Gold,On-premises,3
3,12,"$56,195.87 ","$5,578.15 ",2017-01-07,Gold,Cloud,2
4,55,"$107,362.52 ","$9,481.85 ",2015-08-29,Premium,On-premises,5
2,23,"$112,978.21 ","$6,182.85 ",2015-01-14,Premium,On-premises,2
8,10,"$60,921.40 ","$10,679.38 ",2015-03-07,Silver,On-premises,3
14,29,"$104,521.31 ","$11,552.26 ",2017-10-05,Premium,On-premises,4
19,33,"$49,997.36 ","$5,048.93 ",2017-04-29,Silver,Cloud,2
12,7,"$56,105.16 ","$7,983.12 ",2015-11-15,Silver,On-premises,1
5,44,"$93,307.71 ","$10,451.65 ",2016-01-30,Premium,On-premises,1
20,32,"$60,061.34 ","$5,195.13 ",2015-08-14,Silver,On-premises,1
11,30,"$89,074.39 ","$7,615.59 ",2018-03-19,Silver,Cloud,1
6,9,"$31,759.44 ","$8,450.48 ",2016-03-06,Silver,Cloud,1
1,53,"$70,645.31 ","$9,370.12 ",2017-03-05,Silver,On-premises,2
14,25,"$113,695.98 ","$10,844.57 ",2017-04-30,Silver,Cloud,2
16,51,"$57,968.73 ","$7,879.73 ",2017-01-02,Premium,Cloud,5
17,57,"$111,717.69 ","$9,715.39 ",2017-09-21,Gold,Cloud,1
12,49,"$68,520.59 ","$7,268.80 ",2017-05-29,Gold,Cloud,5
19,57,"$102,256.00 ","$9,897.88 ",2017-07-08,Diamond,On-premises,5
13,20,"$87,865.46 ","$9,544.47 ",2018-04-23,Silver,On-premises,5
8,47,"$43,628.54 ","$8,459.95 ",2016-03-15,Premium,Cloud,2
14,4,"$70,063.12 ","$9,704.15 ",2015-07-23,Premium,Cloud,4
9,6,"$96,332.45 ","$5,592.81 ",2015-07-23,Diamond,On-premises,2
13,10,"$84,316.95 ","$7,554.77 ",2016-07-02,Gold,On-premises,2
10,28,"$36,502.69 ","$11,644.30 ",2016-12-04,Gold,On-premises,5
14,52,"$114,318.11 ","$8,470.89 ",2017-08-19,Silver,Cloud,4
11,25,"$113,046.18 ","$11,296.15 ",2015-10-09,Gold,On-premises,2
11,30,"$106,078.05 ","$9,806.30 ",2017-03-08,Silver,On-premises,4
8,58,"$80,180.67 ","$8,514.19 ",2018-07-12,Diamond,Cloud,5
12,10,"$110,720.79 ","$9,688.93 ",2015-07-03,Silver,On-premises,5
9,49,"$116,572.56 ","$6,455.13 ",2015-01-21,Diamond,On-premises,4
8,15,"$84,381.22 ","$5,217.27 ",2018-07-21,Diamond,On-premises,4
17,57,"$77,846.59 ","$9,072.08 ",2017-08-11,Gold,On-premises,4
2,43,"$38,952.50 ","$7,598.12 ",2016-11-02,Premium,On-premises,4
12,33,"$108,690.19 ","$7,212.05 ",2018-05-26,Gold,Cloud,5
7,50,"$33,694.30 ","$11,160.60 ",2018-04-26,Premium,On-premises,2
10,50,"$98,195.47 ","$7,302.13 ",2015-05-05,Diamond,Cloud,2
3,29,"$71,511.61 ","$7,159.40 ",2016-11-22,Silver,On-premises,3
14,7,"$85,083.18 ","$11,009.85 ",2017-03-15,Diamond,On-premises,3
9,55,"$59,982.44 ","$5,860.00 ",2015-01-21,Diamond,Cloud,5
1,7,"$58,429.57 ","$10,410.65 ",2017-03-20,Diamond,On-premises,4
4,44,"$47,927.57 ","$11,515.96 ",2015-09-03,Diamond,On-premises,5
10,26,"$69,226.37 ","$11,032.81 ",2017-02-16,Premium,On-premises,4
7,43,"$34,843.82 ","$6,800.12 ",2016-08-16,Premium,Cloud,1
14,57,"$63,728.12 ","$6,443.21 ",2018-02-05,Diamond,Cloud,3
4,59,"$90,225.21 ","$7,165.90 ",2017-12-22,Gold,On-premises,5
13,53,"$77,447.59 ","$10,721.14 ",2015-09-19,Diamond,On-premises,2
17,50,"$76,258.34 ","$9,463.52 ",2017-01-07,Gold,On-premises,2
17,10,"$117,454.57 ","$8,545.21 ",2018-05-14,Diamond,On-premises,2
11,26,"$37,405.82 ","$10,734.28 ",2017-04-30,Gold,On-premises,2
3,35,"$82,015.03 ","$6,404.26 ",2017-01-03,Silver,Cloud,1
13,39,"$119,248.20 ","$8,819.21 ",2015-01-22,Diamond,On-premises,3
15,37,"$115,776.29 ","$8,285.80 ",2017-10-04,Gold,On-premises,4
3,57,"$104,470.19 ","$5,810.52 ",2016-10-09,Premium,On-premises,2
13,25,"$49,523.72 ","$10,705.91 ",2018-01-17,Silver,On-premises,3
15,6,"$71,291.97 ","$6,279.63 ",2015-10-05,Silver,On-premises,4
10,52,"$32,928.90 ","$10,340.57 ",2016-02-05,Diamond,On-premises,4
15,13,"$77,328.44 ","$10,663.83 ",2018-02-23,Premium,Cloud,2
5,15,"$40,215.97 ","$7,182.87 ",2015-10-03,Premium,Cloud,5
14,42,"$116,659.57 ","$6,354.01 ",2018-07-24,Silver,Cloud,5
4,44,"$98,287.51 ","$10,556.61 ",2017-08-14,Premium,On-premises,3
13,43,"$76,983.11 ","$7,737.29 ",2016-06-06,Gold,Cloud,2
8,30,"$42,882.19 ","$9,838.36 ",2016-08-24,Diamond,Cloud,1
2,38,"$54,558.44 ","$9,120.58 ",2018-06-08,Premium,On-premises,1
11,1,"$97,949.80 ","$8,890.76 ",2016-06-04,Gold,Cloud,1
13,53,"$42,294.78 ","$8,792.01 ",2017-01-30,Diamond,On-premises,4
9,30,"$87,994.81 ","$6,388.80 ",2015-11-13,Silver,Cloud,3
17,9,"$105,262.04 ","$5,656.25 ",2017-11-19,Silver,On-premises,2
17,48,"$35,566.30 ","$5,815.43 ",2017-03-12,Premium,On-premises,4
7,6,"$72,458.34 ","$6,593.64 ",2017-05-05,Diamond,Cloud,2
12,8,"$111,814.88 ","$9,906.34 ",2015-10-18,Diamond,Cloud,4
7,34,"$50,485.67 ","$7,639.04 ",2016-11-14,Silver,Cloud,4
17,42,"$60,315.21 ","$11,882.82 ",2015-01-15,Gold,Cloud,1
4,41,"$38,980.47 ","$7,981.82 ",2015-09-10,Gold,On-premises,1
14,10,"$30,272.98 ","$11,260.05 ",2015-03-12,Silver,On-premises,3
12,60,"$102,757.96 ","$11,690.07 ",2017-10-25,Gold,Cloud,3
2,25,"$39,528.08 ","$9,600.67 ",2017-06-23,Premium,On-premises,5
12,15,"$75,416.23 ","$10,978.89 ",2016-12-01,Silver,On-premises,4
18,14,"$75,900.07 ","$5,469.50 ",2016-05-30,Premium,Cloud,3
13,28,"$112,968.22 ","$6,436.38 ",2015-11-16,Premium,Cloud,4
3,29,"$55,374.45 ","$11,788.59 ",2017-03-01,Gold,Cloud,2
10,59,"$36,953.28 ","$6,037.15 ",2017-07-14,Gold,Cloud,3
18,45,"$97,176.12 ","$7,753.32 ",2018-06-24,Diamond,On-premises,1
8,27,"$49,953.72 ","$7,047.49 ",2016-01-23,Gold,Cloud,5
9,50,"$67,784.59 ","$5,128.27 ",2015-08-13,Gold,On-premises,1
9,56,"$115,714.70 ","$5,258.79 ",2015-03-01,Silver,Cloud,2
5,32,"$86,145.84 ","$11,584.86 ",2017-03-10,Premium,Cloud,3
10,46,"$76,937.90 ","$11,349.14 ",2017-08-20,Gold,Cloud,2
3,14,"$107,778.04 ","$11,356.73 ",2018-04-03,Silver,On-premises,4
12,58,"$45,844.77 ","$10,476.00 ",2016-04-11,Gold,On-premises,4
18,60,"$57,071.74 ","$7,493.59 ",2015-12-15,Silver,On-premises,4
6,23,"$111,945.60 ","$7,553.94 ",2016-08-19,Gold,Cloud,2
4,3,"$110,637.73 ","$8,829.61 ",2018-01-21,Diamond,Cloud,3
16,36,"$62,549.00 ","$6,141.83 ",2017-01-23,Gold,On-premises,5
12,23,"$47,169.97 ","$6,211.61 ",2017-12-09,Premium,Cloud,2
18,48,"$30,056.06 ","$6,276.72 ",2016-08-06,Diamond,Cloud,1
16,44,"$83,016.14 ","$11,980.53 ",2015-11-17,Silver,On-premises,1
6,26,"$79,617.27 ","$9,754.89 ",2015-09-01,Diamond,Cloud,3
2,20,"$95,748.30 ","$6,234.46 ",2018-05-16,Silver,On-premises,3
20,41,"$38,600.49 ","$9,842.48 ",2018-07-21,Gold,Cloud,4
3,44,"$60,619.17 ","$7,524.17 ",2018-02-04,Premium,Cloud,1
6,58,"$43,573.97 ","$7,075.79 ",2015-05-01,Diamond,Cloud,5
17,48,"$109,777.11 ","$10,849.42 ",2018-05-14,Premium,On-premises,2
14,59,"$59,336.58 ","$11,407.52 ",2015-07-25,Diamond,Cloud,1
18,32,"$84,554.13 ","$6,261.44 ",2016-10-28,Silver,On-premises,4
12,33,"$61,082.47 ","$5,298.87 ",2015-11-29,Premium,On-premises,1
2,1,"$104,025.68 ","$10,096.38 ",2017-04-10,Premium,Cloud,4
9,23,"$78,800.96 ","$5,704.08 ",2017-12-02,Premium,Cloud,2
12,23,"$83,286.19 ","$7,317.88 ",2016-03-19,Gold,On-premises,4
10,28,"$47,184.83 ","$6,678.00 ",2017-03-25,Silver,On-premises,2
11,56,"$43,477.57 ","$9,698.04 ",2018-05-02,Diamond,Cloud,1
12,43,"$88,819.30 ","$9,017.85 ",2017-01-12,Gold,Cloud,3
2,24,"$31,313.74 ","$9,692.39 ",2018-05-21,Gold,On-premises,1
17,56,"$35,329.70 ","$10,660.69 ",2015-03-22,Premium,Cloud,4
3,35,"$85,107.42 ","$10,967.16 ",2017-01-22,Silver,Cloud,3
1,20,"$89,427.45 ","$10,552.23 ",2018-07-09,Silver,Cloud,3
8,49,"$59,846.85 ","$8,181.99 ",2016-04-27,Silver,On-premises,4
7,32,"$101,554.36 ","$6,776.45 ",2017-04-07,Silver,On-premises,4
5,43,"$37,051.06 ","$10,270.42 ",2016-05-29,Silver,On-premises,5
13,53,"$49,751.93 ","$7,569.42 ",2017-09-17,Gold,Cloud,5
9,36,"$52,146.39 ","$6,892.84 ",2017-12-17,Premium,On-premises,2
2,17,"$110,967.81 ","$8,641.57 ",2015-04-05,Gold,On-premises,1
10,19,"$90,800.39 ","$9,560.78 ",2018-07-05,Premium,On-premises,2
4,29,"$53,701.12 ","$5,778.21 ",2017-12-09,Silver,On-premises,2
14,37,"$105,928.56 ","$5,579.43 ",2017-12-24,Diamond,On-premises,3
16,53,"$79,475.52 ","$10,031.06 ",2015-07-02,Silver,Cloud,3
10,23,"$109,487.81 ","$10,566.12 ",2015-05-25,Gold,On-premises,5
13,50,"$77,134.23 ","$8,764.38 ",2017-05-08,Premium,Cloud,2
3,3,"$79,224.09 ","$9,413.50 ",2015-09-26,Premium,On-premises,2
8,36,"$88,970.96 ","$8,181.08 ",2016-01-06,Silver,Cloud,2
6,42,"$96,217.97 ","$7,053.47 ",2017-04-13,Silver,Cloud,2
19,16,"$51,711.43 ","$6,521.38 ",2017-05-31,Diamond,Cloud,3
2,51,"$115,762.93 ","$5,782.56 ",2018-05-07,Diamond,Cloud,3
10,33,"$35,811.42 ","$11,750.50 ",2017-07-01,Gold,Cloud,4
6,5,"$109,042.47 ","$7,226.04 ",2017-07-05,Gold,On-premises,2
16,33,"$79,236.01 ","$7,171.97 ",2015-02-04,Premium,Cloud,2
17,2,"$115,974.63 ","$8,930.56 ",2016-01-17,Premium,Cloud,3
11,59,"$105,774.03 ","$6,857.04 ",2018-05-30,Diamond,Cloud,3
19,37,"$68,934.48 ","$5,208.35 ",2015-04-20,Gold,On-premises,2
15,23,"$89,775.27 ","$6,593.74 ",2018-01-29,Premium,Cloud,2
1,36,"$81,900.89 ","$8,757.13 ",2016-01-09,Gold,Cloud,4
18,29,"$118,414.16 ","$5,977.78 ",2018-06-16,Diamond,Cloud,3
17,45,"$106,212.84 ","$5,957.31 ",2015-09-03,Silver,On-premises,5
2,20,"$84,400.09 ","$11,627.91 ",2015-03-08,Silver,On-premises,4
4,47,"$66,917.44 ","$11,578.84 ",2018-02-21,Gold,On-premises,5
8,6,"$48,070.06 ","$11,758.78 ",2017-10-17,Premium,Cloud,2
2,35,"$116,213.53 ","$11,010.01 ",2017-06-27,Premium,On-premises,2
19,48,"$47,236.71 ","$8,020.22 ",2017-09-20,Premium,On-premises,5
18,55,"$62,721.47 ","$7,082.65 ",2018-06-12,Gold,On-premises,5
12,58,"$90,173.10 ","$6,940.96 ",2018-06-27,Silver,Cloud,3
4,60,"$91,348.42 ","$10,083.79 ",2016-12-20,Silver,On-premises,2
1,44,"$86,409.44 ","$8,669.64 ",2015-04-07,Premium,Cloud,1
8,56,"$101,498.21 ","$5,112.05 ",2016-02-19,Silver,On-premises,4
5,28,"$57,795.96 ","$8,913.53 ",2015-01-17,Gold,On-premises,3
13,39,"$62,613.15 ","$7,641.09 ",2018-02-28,Premium,Cloud,1
20,13,"$49,146.24 ","$8,851.63 ",2016-08-15,Diamond,On-premises,5
4,54,"$58,903.85 ","$6,801.09 ",2015-09-15,Silver,Cloud,2
4,30,"$44,594.63 ","$9,473.60 ",2018-04-12,Gold,Cloud,2
17,27,"$101,827.06 ","$7,139.27 ",2015-07-14,Premium,On-premises,2
8,41,"$61,955.90 ","$10,456.01 ",2017-04-22,Gold,On-premises,5
8,3,"$116,096.25 ","$11,881.47 ",2017-01-14,Silver,On-premises,1
17,20,"$70,095.27 ","$10,854.29 ",2015-10-31,Diamond,On-premises,1
2,34,"$95,018.17 ","$9,906.49 ",2018-07-01,Premium,Cloud,2
16,14,"$87,863.54 ","$5,694.76 ",2018-01-28,Silver,On-premises,2
6,38,"$36,048.99 ","$7,378.50 ",2015-09-22,Premium,Cloud,1
8,4,"$86,021.48 ","$5,495.24 ",2016-02-25,Diamond,On-premises,3
16,48,"$84,680.54 ","$5,633.00 ",2016-08-16,Premium,On-premises,4
9,25,"$55,725.40 ","$8,918.21 ",2015-02-24,Gold,On-premises,5
13,45,"$75,069.63 ","$6,045.86 ",2016-12-11,Diamond,Cloud,1
4,47,"$106,908.52 ","$10,720.73 ",2017-09-01,Silver,Cloud,3
10,57,"$65,096.55 ","$6,672.91 ",2016-05-05,Silver,Cloud,2
20,59,"$94,599.80 ","$10,494.82 ",2017-03-03,Diamond,On-premises,3
14,20,"$33,668.57 ","$6,461.79 ",2018-01-27,Premium,Cloud,4
19,16,"$113,894.40 ","$9,564.29 ",2016-02-06,Diamond,On-premises,2
11,46,"$89,929.78 ","$7,054.70 ",2016-06-26,Silver,Cloud,5
1,59,"$83,539.60 ","$9,978.58 ",2017-07-06,Gold,Cloud,4
12,12,"$60,383.49 ","$6,760.97 ",2015-01-16,Premium,Cloud,2
16,12,"$91,841.05 ","$6,326.92 ",2015-11-03,Silver,Cloud,4
15,27,"$34,713.26 ","$8,985.18 ",2015-11-30,Premium,On-premises,1
6,19,"$92,407.35 ","$8,809.82 ",2018-01-05,Diamond,On-premises,3
7,27,"$72,409.72 ","$10,011.11 ",2015-11-05,Silver,On-premises,4
19,11,"$38,619.90 ","$9,605.80 ",2015-04-01,Premium,On-premises,4
12,20,"$90,930.49 ","$11,070.39 ",2016-12-15,Silver,Cloud,2
4,1,"$110,641.71 ","$10,963.05 ",2016-04-07,Premium,On-premises,5
2,9,"$45,191.76 ","$7,391.02 ",2016-01-20,Diamond,Cloud,1
13,25,"$75,946.63 ","$5,528.59 ",2018-01-31,Premium,Cloud,3
14,35,"$82,921.81 ","$9,016.92 ",2015-06-14,Diamond,Cloud,4
5,28,"$75,536.48 ","$10,643.24 ",2018-03-29,Diamond,On-premises,2
2,20,"$63,053.18 ","$11,223.37 ",2015-02-04,Gold,On-premises,4
17,19,"$52,930.01 ","$8,969.85 ",2018-04-26,Gold,Cloud,3
10,19,"$106,046.98 ","$8,294.04 ",2016-07-02,Premium,Cloud,5
1,60,"$40,334.15 ","$9,325.41 ",2018-06-20,Gold,Cloud,3
20,21,"$112,539.27 ","$7,712.58 ",2018-05-25,Premium,On-premises,4
7,35,"$77,260.68 ","$11,385.95 ",2016-03-01,Silver,Cloud,5
3,51,"$61,017.83 ","$7,118.09 ",2018-02-27,Silver,Cloud,1
6,8,"$117,229.37 ","$5,136.45 ",2016-04-17,Gold,Cloud,5
1,29,"$41,043.59 ","$11,583.70 ",2017-12-12,Diamond,On-premises,3
11,4,"$72,363.12 ","$8,464.06 ",2018-04-13,Diamond,On-premises,2
19,6,"$70,688.03 ","$5,038.73 ",2015-07-06,Silver,Cloud,3
4,21,"$96,390.34 ","$11,806.12 ",2018-04-22,Silver,On-premises,2
7,3,"$89,892.55 ","$11,945.30 ",2015-06-20,Diamond,On-premises,1
4,50,"$101,027.56 ","$10,373.26 ",2017-02-24,Gold,On-premises,5
9,14,"$33,671.94 ","$8,792.11 ",2016-04-23,Diamond,Cloud,4
5,50,"$77,843.56 ","$9,107.45 ",2018-06-20,Gold,On-premises,2
17,3,"$110,385.14 ","$11,349.96 ",2016-01-14,Gold,Cloud,5
14,24,"$97,735.97 ","$10,501.23 ",2018-01-03,Premium,On-premises,1
1,9,"$111,622.61 ","$5,894.10 ",2017-01-14,Premium,Cloud,4
7,18,"$40,406.24 ","$7,041.31 ",2015-06-14,Silver,On-premises,2
13,16,"$102,290.12 ","$5,972.89 ",2015-01-09,Premium,Cloud,2
15,13,"$62,834.85 ","$6,766.50 ",2018-06-03,Silver,Cloud,4
4,56,"$113,890.48 ","$7,352.10 ",2018-02-19,Premium,Cloud,2
1,19,"$109,728.18 ","$11,889.87 ",2018-06-11,Diamond,Cloud,4
12,35,"$34,664.04 ","$9,184.47 ",2017-05-25,Premium,On-premises,3
13,43,"$90,302.62 ","$7,458.39 ",2015-06-13,Silver,On-premises,3
19,50,"$100,281.00 ","$11,754.39 ",2018-06-18,Silver,On-premises,1
12,32,"$37,769.04 ","$5,580.52 ",2015-03-09,Premium,Cloud,3
14,56,"$61,484.62 ","$11,551.11 ",2017-12-09,Premium,On-premises,5
6,51,"$77,629.08 ","$7,902.83 ",2015-01-19,Diamond,On-premises,5
19,21,"$73,456.13 ","$8,919.06 ",2015-07-27,Premium,On-premises,4
5,11,"$63,164.54 ","$6,617.97 ",2015-08-01,Diamond,Cloud,2
8,41,"$98,537.32 ","$6,291.21 ",2016-06-28,Diamond,On-premises,4
15,3,"$52,044.69 ","$8,947.79 ",2016-08-01,Gold,On-premises,4
4,13,"$45,224.87 ","$9,596.18 ",2015-11-04,Silver,Cloud,4
19,14,"$33,489.79 ","$8,907.80 ",2017-01-04,Silver,Cloud,3
18,21,"$31,852.75 ","$5,492.77 ",2015-11-07,Premium,On-premises,1
11,54,"$84,759.94 ","$6,602.12 ",2016-01-15,Diamond,Cloud,1
18,12,"$71,400.82 ","$10,605.01 ",2015-01-29,Diamond,On-premises,3
20,6,"$50,836.61 ","$9,716.19 ",2017-02-12,Silver,Cloud,1
10,17,"$89,721.74 ","$9,086.10 ",2017-09-23,Silver,On-premises,4
15,46,"$83,346.27 ","$8,277.73 ",2017-03-19,Silver,Cloud,5
2,17,"$97,729.06 ","$9,195.86 ",2018-02-07,Diamond,Cloud,1
3,30,"$102,590.04 ","$11,322.76 ",2015-12-04,Diamond,On-premises,1
15,16,"$46,493.44 ","$10,144.28 ",2015-03-22,Premium,On-premises,4
14,58,"$46,967.20 ","$11,974.67 ",2015-11-20,Diamond,On-premises,4
7,37,"$41,028.57 ","$6,167.45 ",2016-05-30,Premium,Cloud,2
15,52,"$92,848.68 ","$8,997.20 ",2015-12-09,Premium,On-premises,2
9,2,"$57,170.42 ","$7,032.85 ",2018-03-28,Gold,On-premises,1
11,46,"$100,389.29 ","$6,706.31 ",2016-09-22,Gold,Cloud,3
5,15,"$38,708.44 ","$5,929.32 ",2018-04-23,Gold,Cloud,4
13,24,"$31,649.13 ","$8,817.45 ",2017-04-07,Premium,On-premises,5
7,39,"$114,745.29 ","$9,681.28 ",2016-05-20,Premium,Cloud,5
7,55,"$106,153.14 ","$8,500.73 ",2015-06-18,Silver,Cloud,5
12,48,"$71,748.08 ","$11,810.93 ",2015-12-02,Premium,Cloud,3
10,48,"$39,590.41 ","$6,412.91 ",2017-08-08,Diamond,Cloud,2
18,29,"$53,543.94 ","$8,143.26 ",2015-10-03,Diamond,On-premises,2
10,13,"$98,986.78 ","$8,324.78 ",2017-10-07,Diamond,On-premises,5
19,43,"$84,026.78 ","$7,543.72 ",2017-10-07,Silver,On-premises,3
10,4,"$35,225.65 ","$6,258.55 ",2017-11-09,Premium,Cloud,2
1,46,"$53,041.40 ","$9,462.04 ",2016-08-30,Silver,Cloud,5
5,3,"$114,707.79 ","$11,485.45 ",2015-01-20,Diamond,On-premises,4
20,54,"$88,342.25 ","$5,215.70 ",2017-11-19,Diamond,Cloud,4
7,12,"$85,301.32 ","$6,503.56 ",2015-11-30,Gold,Cloud,1
14,25,"$102,786.84 ","$7,029.18 ",2017-07-21,Premium,On-premises,4
17,12,"$106,891.36 ","$5,086.40 ",2016-09-13,Premium,Cloud,5
9,59,"$103,443.30 ","$10,025.53 ",2018-03-10,Diamond,Cloud,2
3,34,"$62,910.60 ","$10,923.25 ",2016-02-05,Gold,Cloud,3
18,27,"$106,173.05 ","$11,583.66 ",2015-01-24,Silver,Cloud,2
6,30,"$85,054.29 ","$9,824.84 ",2016-07-14,Gold,Cloud,5
13,47,"$92,334.76 ","$6,455.83 ",2016-06-14,Gold,Cloud,4
6,46,"$59,232.94 ","$7,222.23 ",2017-06-10,Gold,On-premises,3
15,13,"$39,876.15 ","$10,775.44 ",2015-06-17,Premium,On-premises,2
15,30,"$84,909.04 ","$11,084.02 ",2015-08-16,Silver,On-premises,4
5,50,"$111,470.27 ","$8,379.44 ",2018-07-10,Premium,On-premises,2
13,16,"$40,393.06 ","$7,004.58 ",2017-05-11,Diamond,On-premises,1
14,48,"$48,956.17 ","$7,631.88 ",2016-02-07,Silver,On-premises,4
5,12,"$89,086.83 ","$5,103.09 ",2018-03-07,Silver,On-premises,2
9,19,"$90,193.84 ","$8,324.68 ",2016-01-25,Silver,Cloud,2
1,21,"$82,976.26 ","$9,935.99 ",2018-01-11,Gold,Cloud,4
7,50,"$112,676.69 ","$8,413.05 ",2017-07-12,Premium,On-premises,2
11,10,"$110,872.10 ","$10,869.00 ",2016-08-30,Diamond,Cloud,5
16,46,"$89,136.95 ","$9,084.52 ",2018-04-07,Silver,Cloud,4
1,18,"$31,564.24 ","$7,334.15 ",2016-02-23,Gold,On-premises,5
8,17,"$85,570.26 ","$9,058.21 ",2018-04-14,Premium,On-premises,1
9,37,"$67,318.42 ","$9,106.56 ",2015-03-07,Gold,On-premises,5
4,25,"$44,325.50 ","$5,701.78 ",2017-12-03,Premium,Cloud,4
13,41,"$63,279.75 ","$10,310.64 ",2018-03-08,Gold,Cloud,1
18,30,"$108,729.85 ","$6,369.51 ",2015-12-17,Premium,Cloud,3
8,38,"$104,661.58 ","$6,314.57 ",2015-12-28,Gold,On-premises,1
14,40,"$80,475.19 ","$9,538.68 ",2016-02-15,Diamond,On-premises,4
5,19,"$67,149.55 ","$8,320.26 ",2016-12-25,Gold,On-premises,1
9,41,"$31,576.91 ","$7,278.03 ",2018-01-04,Gold,Cloud,5
2,41,"$39,057.56 ","$5,576.66 ",2015-11-13,Gold,On-premises,2
12,42,"$67,814.10 ","$5,414.01 ",2017-03-16,Diamond,On-premises,2
19,58,"$36,591.31 ","$10,212.30 ",2015-01-13,Diamond,On-premises,5
13,6,"$47,813.83 ","$11,047.16 ",2016-03-08,Gold,Cloud,4
2,39,"$40,564.66 ","$11,103.48 ",2016-08-06,Gold,On-premises,1
8,38,"$107,589.71 ","$5,034.59 ",2016-01-15,Premium,On-premises,4
12,40,"$42,836.23 ","$11,804.11 ",2016-09-09,Silver,Cloud,3
9,20,"$83,204.70 ","$7,262.17 ",2017-06-04,Gold,On-premises,2
5,44,"$72,432.71 ","$9,495.96 ",2015-06-21,Premium,Cloud,2
18,9,"$105,419.74 ","$6,218.66 ",2016-07-20,Diamond,On-premises,2
9,41,"$86,640.72 ","$5,289.69 ",2015-02-14,Premium,Cloud,1
17,36,"$116,132.46 ","$5,987.54 ",2015-08-18,Gold,On-premises,1
5,39,"$102,318.25 ","$9,309.51 ",2017-02-12,Gold,Cloud,3
2,2,"$35,730.77 ","$7,211.70 ",2016-11-27,Gold,On-premises,3
19,34,"$112,742.34 ","$5,096.26 ",2016-11-25,Silver,On-premises,2
2,5,"$43,830.04 ","$11,612.17 ",2015-09-05,Diamond,Cloud,3
16,11,"$54,412.61 ","$11,043.94 ",2017-12-06,Silver,Cloud,5
7,53,"$115,232.33 ","$6,185.95 ",2015-08-19,Diamond,On-premises,3
18,22,"$48,410.29 ","$7,362.88 ",2018-07-19,Silver,On-premises,4
17,36,"$78,811.19 ","$6,617.50 ",2017-02-28,Diamond,On-premises,2
19,34,"$66,950.65 ","$7,599.93 ",2018-04-13,Silver,Cloud,4
17,41,"$62,917.12 ","$6,454.57 ",2015-10-29,Silver,On-premises,5
13,10,"$31,271.09 ","$5,262.22 ",2017-05-10,Gold,Cloud,1
19,11,"$75,757.38 ","$8,940.67 ",2017-06-02,Premium,On-premises,1
18,5,"$78,111.23 ","$7,317.78 ",2017-07-01,Gold,Cloud,2
15,40,"$112,658.57 ","$11,198.38 ",2018-04-19,Diamond,Cloud,1
9,33,"$33,233.88 ","$10,904.74 ",2017-06-24,Diamond,Cloud,2
6,4,"$93,287.65 ","$9,420.49 ",2016-09-14,Premium,Cloud,4
2,57,"$92,159.95 ","$6,755.39 ",2015-11-21,Premium,On-premises,5
7,41,"$48,366.57 ","$7,652.09 ",2017-02-21,Premium,Cloud,2
17,35,"$70,811.55 ","$9,456.48 ",2018-01-12,Gold,On-premises,3
10,27,"$39,743.60 ","$5,402.65 ",2017-09-27,Silver,On-premises,3
19,57,"$46,413.00 ","$11,984.84 ",2015-06-11,Silver,On-premises,1
6,14,"$32,568.20 ","$6,527.51 ",2016-11-14,Silver,Cloud,5
12,10,"$100,003.86 ","$5,603.81 ",2015-07-26,Silver,On-premises,5
8,14,"$66,190.06 ","$10,564.90 ",2017-12-29,Diamond,On-premises,4
2,54,"$62,419.59 ","$9,010.35 ",2018-06-24,Silver,On-premises,3
4,46,"$43,019.94 ","$9,742.75 ",2017-05-10,Silver,On-premises,4
3,49,"$44,316.35 ","$9,396.67 ",2018-05-10,Gold,On-premises,4
6,7,"$63,690.54 ","$5,829.13 ",2015-01-25,Diamond,On-premises,5
1,32,"$99,207.42 ","$10,124.08 ",2015-04-18,Premium,Cloud,2
6,6,"$30,295.03 ","$11,278.12 ",2016-07-10,Diamond,Cloud,4
7,59,"$95,570.55 ","$9,244.40 ",2018-07-09,Silver,On-premises,2
19,51,"$37,954.07 ","$5,889.05 ",2017-06-15,Silver,On-premises,3
18,44,"$113,947.99 ","$6,444.40 ",2015-03-28,Premium,On-premises,4
10,45,"$101,874.91 ","$9,100.82 ",2016-04-08,Diamond,Cloud,5
9,45,"$58,981.25 ","$10,009.04 ",2015-12-22,Premium,Cloud,5
1,7,"$41,078.24 ","$11,551.32 ",2015-09-22,Gold,Cloud,2
14,7,"$74,014.22 ","$9,570.45 ",2017-10-04,Gold,Cloud,4
9,51,"$56,658.05 ","$8,572.40 ",2018-03-17,Premium,On-premises,2
9,60,"$97,525.89 ","$7,446.64 ",2018-06-23,Premium,On-premises,3
19,36,"$79,649.17 ","$9,842.40 ",2015-07-20,Premium,Cloud,2
20,41,"$64,323.86 ","$5,281.87 ",2017-06-24,Silver,Cloud,5
4,59,"$34,873.83 ","$11,907.62 ",2018-01-27,Premium,On-premises,3
6,44,"$39,367.50 ","$5,784.99 ",2018-07-22,Premium,Cloud,4
8,27,"$44,971.92 ","$11,378.62 ",2015-08-14,Silver,Cloud,2
9,8,"$100,382.34 ","$10,112.14 ",2017-12-09,Diamond,On-premises,1
10,52,"$90,412.17 ","$8,236.47 ",2017-10-15,Diamond,Cloud,3
13,12,"$109,883.64 ","$9,424.17 ",2017-04-19,Diamond,Cloud,3
4,33,"$94,855.47 ","$10,088.67 ",2015-05-09,Gold,Cloud,4
2,57,"$61,679.22 ","$11,271.91 ",2015-11-01,Premium,On-premises,5
5,1,"$77,313.71 ","$8,365.27 ",2015-10-30,Gold,On-premises,2
19,9,"$88,470.43 ","$8,213.02 ",2016-07-20,Premium,On-premises,2
1,14,"$71,424.47 ","$9,610.90 ",2016-05-12,Premium,On-premises,1
19,14,"$96,375.49 ","$8,688.58 ",2016-07-22,Premium,Cloud,2
15,49,"$111,457.02 ","$6,161.19 ",2017-01-18,Premium,On-premises,5
13,11,"$40,897.45 ","$10,148.51 ",2015-05-14,Premium,Cloud,4
16,30,"$105,540.91 ","$9,945.18 ",2016-08-01,Silver,Cloud,2
10,51,"$57,169.53 ","$5,428.47 ",2018-01-03,Silver,On-premises,2
13,28,"$49,292.84 ","$7,572.09 ",2017-10-12,Silver,On-premises,2
12,15,"$33,356.21 ","$7,228.79 ",2016-10-10,Diamond,Cloud,2
3,22,"$107,813.04 ","$9,697.60 ",2016-07-09,Diamond,Cloud,3
12,60,"$74,087.75 ","$8,856.37 ",2017-03-12,Diamond,On-premises,4
2,6,"$68,949.83 ","$8,819.54 ",2016-06-11,Diamond,On-premises,3
11,5,"$95,867.24 ","$7,497.20 ",2017-01-15,Premium,On-premises,3
7,42,"$66,011.48 ","$8,900.42 ",2017-09-02,Gold,Cloud,4
4,7,"$49,597.00 ","$5,845.75 ",2015-05-25,Silver,On-premises,1
16,34,"$116,292.74 ","$7,675.91 ",2015-06-29,Silver,On-premises,2
6,42,"$109,191.46 ","$8,277.40 ",2018-06-14,Silver,Cloud,1
2,32,"$108,000.89 ","$10,243.51 ",2018-01-02,Gold,Cloud,4
5,3,"$81,789.54 ","$6,261.64 ",2015-09-09,Premium,On-premises,2
9,23,"$64,063.86 ","$9,105.90 ",2016-03-10,Gold,On-premises,5
9,24,"$38,501.75 ","$10,449.74 ",2015-11-28,Premium,On-premises,1
4,51,"$96,615.09 ","$11,242.95 ",2015-04-24,Gold,Cloud,3
11,1,"$80,064.20 ","$5,846.06 ",2016-02-10,Premium,Cloud,4
5,35,"$34,560.70 ","$11,147.74 ",2016-05-20,Silver,Cloud,4
2,28,"$61,763.48 ","$11,101.23 ",2016-02-24,Gold,Cloud,5
14,24,"$48,631.89 ","$5,492.32 ",2015-09-15,Gold,On-premises,1
8,22,"$97,097.21 ","$10,125.04 ",2018-02-17,Silver,Cloud,3
16,52,"$93,101.95 ","$7,129.63 ",2017-08-23,Premium,On-premises,5
2,19,"$56,956.31 ","$10,585.16 ",2015-08-30,Diamond,Cloud,4
5,12,"$46,138.96 ","$6,743.43 ",2015-07-16,Silver,Cloud,4
16,39,"$76,048.94 ","$11,106.45 ",2015-05-22,Gold,Cloud,2
9,42,"$41,628.90 ","$6,049.61 ",2016-11-04,Premium,On-premises,4
9,38,"$56,580.80 ","$7,967.51 ",2016-08-17,Silver,Cloud,1
19,55,"$31,054.29 ","$11,213.60 ",2015-02-06,Premium,On-premises,2
9,1,"$30,640.01 ","$8,823.43 ",2017-12-08,Silver,Cloud,1
6,32,"$69,376.02 ","$5,852.12 ",2015-05-02,Premium,Cloud,5
9,34,"$82,568.01 ","$7,303.61 ",2017-02-25,Silver,On-premises,3
15,48,"$108,505.90 ","$10,371.86 ",2015-12-29,Diamond,Cloud,1
16,30,"$52,557.42 ","$10,837.28 ",2017-05-29,Silver,On-premises,1
19,44,"$75,758.31 ","$6,822.40 ",2017-11-01,Premium,Cloud,1
16,41,"$77,266.90 ","$5,180.90 ",2015-10-07,Silver,On-premises,4
20,17,"$41,380.02 ","$11,545.35 ",2016-02-27,Premium,Cloud,2
11,54,"$39,739.97 ","$5,829.78 ",2016-07-28,Premium,On-premises,2
2,39,"$35,505.48 ","$8,039.68 ",2015-11-24,Silver,Cloud,5
15,55,"$52,397.33 ","$10,807.49 ",2016-10-26,Gold,Cloud,2
8,11,"$111,447.90 ","$8,370.14 ",2017-08-28,Silver,On-premises,3
8,37,"$115,480.78 ","$7,169.52 ",2018-06-13,Silver,Cloud,2
18,33,"$37,968.85 ","$6,883.94 ",2015-01-03,Gold,On-premises,4
14,55,"$94,398.91 ","$9,467.49 ",2015-10-12,Diamond,On-premises,2
3,48,"$52,825.84 ","$9,683.04 ",2018-03-03,Silver,On-premises,3
20,28,"$107,862.75 ","$9,075.93 ",2017-12-28,Silver,On-premises,5
8,42,"$113,057.84 ","$7,411.98 ",2015-06-26,Gold,On-premises,1
14,56,"$104,950.36 ","$7,547.99 ",2016-08-16,Silver,On-premises,4
5,3,"$99,535.00 ","$10,173.67 ",2017-02-04,Premium,On-premises,5
12,13,"$85,095.58 ","$9,162.92 ",2015-01-31,Gold,Cloud,4
14,3,"$76,235.40 ","$8,616.11 ",2018-04-20,Premium,Cloud,4
16,10,"$42,288.11 ","$5,609.82 ",2017-02-07,Silver,Cloud,5
10,40,"$106,824.75 ","$11,098.27 ",2016-04-12,Silver,On-premises,4
9,16,"$87,244.70 ","$6,501.20 ",2017-06-18,Diamond,Cloud,2
12,11,"$94,538.00 ","$6,950.88 ",2016-03-15,Gold,Cloud,3
3,4,"$83,970.30 ","$5,784.47 ",2017-05-22,Premium,On-premises,2
17,27,"$101,465.71 ","$8,037.12 ",2016-12-12,Silver,On-premises,2
11,41,"$117,765.16 ","$11,419.78 ",2015-02-13,Diamond,Cloud,5
3,44,"$73,820.97 ","$11,414.29 ",2015-08-03,Premium,Cloud,2
17,18,"$46,553.54 ","$5,334.07 ",2017-07-13,Diamond,Cloud,2
7,1,"$63,803.59 ","$10,200.53 ",2016-12-23,Gold,Cloud,2
7,42,"$90,791.67 ","$9,766.71 ",2018-03-01,Gold,On-premises,3
13,60,"$70,495.13 ","$6,017.26 ",2018-05-22,Diamond,Cloud,2
6,43,"$87,152.62 ","$5,006.44 ",2016-11-09,Premium,Cloud,1
7,11,"$58,317.02 ","$9,298.56 ",2015-11-25,Premium,Cloud,3
11,21,"$90,138.96 ","$11,682.14 ",2017-09-23,Silver,Cloud,2
3,16,"$84,631.98 ","$10,607.53 ",2015-02-11,Diamond,On-premises,5
16,53,"$72,030.62 ","$5,614.12 ",2015-10-27,Silver,On-premises,1
17,47,"$49,147.48 ","$8,200.10 ",2017-10-22,Diamond,Cloud,1
9,50,"$97,200.09 ","$10,267.34 ",2018-05-23,Premium,On-premises,5
18,4,"$53,649.95 ","$5,179.25 ",2018-05-17,Gold,On-premises,4
2,36,"$44,853.90 ","$5,155.51 ",2016-11-13,Gold,On-premises,3
6,23,"$103,647.86 ","$9,255.75 ",2016-04-03,Diamond,On-premises,1
15,40,"$103,993.70 ","$7,066.22 ",2018-02-09,Premium,Cloud,2
11,44,"$36,731.83 ","$10,234.09 ",2015-09-27,Diamond,On-premises,2
12,5,"$112,068.53 ","$9,247.78 ",2017-04-12,Diamond,On-premises,2
1,38,"$56,625.84 ","$9,938.04 ",2018-08-01,Silver,Cloud,2
5,20,"$35,322.24 ","$8,343.86 ",2017-01-31,Diamond,On-premises,3
6,2,"$89,250.33 ","$9,584.42 ",2016-07-10,Premium,On-premises,5
9,57,"$52,344.24 ","$6,553.32 ",2017-06-11,Silver,Cloud,4
1,27,"$100,507.91 ","$6,348.30 ",2015-02-11,Premium,Cloud,1
6,40,"$99,009.43 ","$11,161.52 ",2018-07-21,Silver,Cloud,1
15,1,"$39,888.57 ","$8,331.97 ",2017-08-20,Silver,Cloud,4
18,60,"$41,819.32 ","$7,222.92 ",2015-07-17,Silver,On-premises,5
17,44,"$84,803.04 ","$10,832.06 ",2015-08-12,Silver,On-premises,3
20,16,"$116,814.24 ","$7,328.82 ",2015-04-10,Gold,Cloud,3
7,41,"$86,178.67 ","$5,295.58 ",2015-06-01,Premium,On-premises,1
4,52,"$36,970.60 ","$9,864.58 ",2017-10-19,Gold,On-premises,5
20,40,"$84,606.79 ","$10,812.56 ",2015-02-02,Gold,Cloud,3
12,38,"$88,575.47 ","$8,686.12 ",2016-06-08,Gold,On-premises,3
2,27,"$44,368.60 ","$10,210.63 ",2016-01-05,Gold,Cloud,5
12,15,"$64,486.70 ","$11,210.38 ",2015-10-18,Diamond,On-premises,1
19,44,"$38,604.62 ","$7,539.80 ",2015-11-04,Silver,On-premises,4
7,8,"$110,189.98 ","$8,810.90 ",2017-02-07,Gold,Cloud,4
16,11,"$58,745.42 ","$9,279.33 ",2015-10-25,Diamond,Cloud,2
15,10,"$114,596.91 ","$10,981.26 ",2018-04-06,Diamond,On-premises,4
3,44,"$38,685.01 ","$11,887.95 ",2015-07-02,Diamond,Cloud,1
20,16,"$104,560.28 ","$11,153.75 ",2015-11-28,Diamond,Cloud,4
8,11,"$112,813.98 ","$10,782.97 ",2015-03-27,Silver,Cloud,4
17,41,"$105,251.36 ","$8,079.65 ",2015-10-05,Premium,On-premises,1
20,2,"$66,585.43 ","$7,538.01 ",2016-07-08,Silver,Cloud,2
4,57,"$100,867.18 ","$5,524.19 ",2016-07-08,Diamond,On-premises,3
1,27,"$56,446.24 ","$5,649.34 ",2017-04-18,Silver,Cloud,1
19,40,"$88,036.76 ","$5,189.76 ",2018-05-13,Gold,On-premises,2
4,18,"$105,959.22 ","$10,331.85 ",2016-02-07,Gold,On-premises,2
15,55,"$90,798.65 ","$11,940.98 ",2018-06-28,Diamond,Cloud,3
6,35,"$39,959.34 ","$7,837.24 ",2015-06-07,Gold,Cloud,2
14,1,"$97,398.07 ","$9,501.11 ",2017-11-06,Silver,On-premises,4
7,57,"$47,061.51 ","$5,298.40 ",2017-02-25,Silver,On-premises,4
14,43,"$104,305.85 ","$8,096.79 ",2016-05-30,Premium,On-premises,5
15,40,"$66,831.15 ","$9,149.14 ",2017-08-18,Diamond,On-premises,5
11,56,"$65,417.90 ","$5,946.39 ",2017-05-27,Silver,Cloud,3
18,13,"$80,548.84 ","$10,982.17 ",2016-02-24,Diamond,On-premises,5
13,35,"$65,212.96 ","$7,495.29 ",2015-11-05,Premium,Cloud,4
2,42,"$83,038.86 ","$9,310.36 ",2016-02-12,Diamond,Cloud,3
5,2,"$38,848.62 ","$8,410.04 ",2016-06-27,Premium,On-premises,2
2,33,"$70,052.82 ","$9,564.42 ",2017-03-10,Silver,Cloud,3
3,30,"$43,609.21 ","$7,614.22 ",2015-10-30,Diamond,On-premises,4
9,23,"$99,984.25 ","$7,129.13 ",2016-08-18,Premium,Cloud,1
17,30,"$51,466.83 ","$10,558.80 ",2017-01-31,Gold,On-premises,3
5,52,"$67,989.73 ","$8,187.20 ",2016-05-21,Diamond,On-premises,2
19,38,"$57,158.24 ","$11,258.21 ",2016-03-29,Gold,On-premises,4
19,5,"$75,012.69 ","$9,666.11 ",2015-04-14,Gold,On-premises,1
12,35,"$73,003.07 ","$9,368.77 ",2017-04-03,Gold,On-premises,3
3,1,"$61,185.12 ","$5,140.82 ",2015-11-30,Gold,On-premises,5
18,22,"$44,716.43 ","$8,955.57 ",2017-03-15,Premium,On-premises,2
14,11,"$109,853.77 ","$5,192.49 ",2018-02-21,Silver,On-premises,5
16,42,"$50,151.63 ","$5,604.22 ",2016-05-06,Premium,On-premises,5
8,49,"$45,472.11 ","$11,134.65 ",2017-10-16,Gold,Cloud,3
14,57,"$105,511.85 ","$8,280.36 ",2018-02-15,Gold,On-premises,2
7,33,"$32,736.44 ","$9,111.97 ",2015-08-26,Premium,On-premises,5
13,56,"$100,984.29 ","$6,059.72 ",2015-08-19,Gold,On-premises,3
3,23,"$52,399.22 ","$11,585.94 ",2015-03-06,Diamond,On-premises,3
3,47,"$95,081.98 ","$8,687.01 ",2015-03-13,Gold,On-premises,1
8,24,"$83,115.93 ","$9,458.58 ",2017-06-20,Premium,Cloud,3
9,50,"$98,077.62 ","$9,452.96 ",2017-11-23,Premium,Cloud,3
12,20,"$63,760.73 ","$8,970.06 ",2017-12-11,Diamond,On-premises,4
1,7,"$33,292.28 ","$9,071.74 ",2016-02-15,Premium,On-premises,5
10,24,"$32,102.42 ","$10,409.97 ",2018-04-30,Silver,Cloud,1
12,31,"$69,380.69 ","$8,180.34 ",2016-04-25,Gold,Cloud,3
14,46,"$114,536.97 ","$7,774.06 ",2015-01-04,Diamond,Cloud,5
11,2,"$108,624.46 ","$10,180.61 ",2015-03-04,Silver,Cloud,4
18,14,"$90,913.31 ","$9,654.30 ",2017-03-06,Diamond,Cloud,2
10,47,"$44,859.95 ","$10,339.43 ",2018-03-23,Diamond,Cloud,2
1,48,"$107,367.35 ","$9,306.52 ",2017-01-23,Gold,Cloud,5
19,29,"$118,140.14 ","$9,794.47 ",2017-04-29,Diamond,On-premises,4
4,37,"$74,524.31 ","$10,116.11 ",2018-05-31,Gold,On-premises,2
15,52,"$110,474.25 ","$6,060.52 ",2018-03-08,Premium,On-premises,3
16,30,"$77,888.83 ","$5,035.58 ",2015-04-26,Premium,Cloud,1
7,33,"$75,112.40 ","$9,040.55 ",2016-04-10,Premium,Cloud,2
8,1,"$109,523.60 ","$8,778.43 ",2016-01-09,Premium,On-premises,5
12,59,"$48,943.74 ","$5,835.09 ",2017-01-19,Diamond,Cloud,5
6,33,"$108,579.95 ","$7,121.82 ",2016-03-18,Gold,On-premises,1
2,39,"$73,196.61 ","$7,322.61 ",2015-12-21,Gold,On-premises,4
1,12,"$52,105.02 ","$7,100.19 ",2015-12-02,Silver,Cloud,5
8,50,"$92,353.78 ","$11,197.20 ",2016-08-01,Gold,On-premises,2
10,58,"$43,650.52 ","$11,160.48 ",2015-09-06,Gold,On-premises,4
2,5,"$107,798.67 ","$5,295.19 ",2016-12-30,Premium,Cloud,2
14,49,"$72,409.39 ","$5,483.34 ",2017-01-14,Premium,On-premises,1
1,35,"$45,634.09 ","$10,776.70 ",2018-05-18,Gold,Cloud,5
9,48,"$104,993.32 ","$10,378.06 ",2016-12-30,Silver,Cloud,4
18,39,"$57,055.12 ","$9,455.10 ",2016-01-21,Silver,Cloud,2
14,10,"$39,284.17 ","$11,983.41 ",2016-09-07,Gold,Cloud,3
5,51,"$71,563.17 ","$7,674.39 ",2016-03-15,Silver,Cloud,2
16,42,"$74,616.43 ","$5,952.83 ",2016-04-23,Diamond,On-premises,1
11,8,"$42,612.01 ","$7,507.71 ",2016-02-01,Silver,Cloud,1
4,1,"$41,832.94 ","$6,586.81 ",2018-05-18,Premium,On-premises,3
8,3,"$41,364.30 ","$6,919.43 ",2017-05-15,Premium,Cloud,1
10,38,"$98,040.05 ","$8,075.28 ",2016-07-12,Silver,Cloud,1
2,35,"$82,412.51 ","$11,885.00 ",2015-03-07,Premium,On-premises,3
11,33,"$46,362.50 ","$9,338.58 ",2017-08-18,Silver,Cloud,2
12,43,"$34,384.67 ","$7,744.32 ",2015-08-09,Diamond,On-premises,5
19,13,"$100,893.41 ","$7,808.12 ",2017-04-22,Silver,Cloud,4
19,36,"$55,179.08 ","$10,876.37 ",2017-01-06,Diamond,On-premises,4
8,32,"$54,885.14 ","$7,438.44 ",2016-04-28,Diamond,Cloud,2
10,11,"$102,687.57 ","$9,246.41 ",2017-05-15,Diamond,On-premises,4
4,25,"$101,103.10 ","$6,674.86 ",2017-11-28,Gold,Cloud,3
14,33,"$93,184.49 ","$8,923.15 ",2017-01-21,Premium,On-premises,2
20,43,"$113,840.89 ","$6,144.18 ",2017-11-25,Premium,Cloud,4
10,37,"$31,956.80 ","$10,354.72 ",2018-05-21,Silver,On-premises,4
14,9,"$87,993.48 ","$7,702.95 ",2016-12-13,Gold,On-premises,3
3,41,"$91,777.35 ","$8,174.52 ",2017-11-26,Premium,Cloud,1
1,23,"$101,929.15 ","$11,922.51 ",2018-06-07,Silver,On-premises,2
7,59,"$69,878.93 ","$6,532.93 ",2015-05-01,Gold,Cloud,3
1,41,"$34,294.70 ","$5,776.04 ",2015-07-10,Gold,Cloud,5
11,55,"$59,847.33 ","$11,940.77 ",2018-02-05,Premium,On-premises,2
16,52,"$107,815.87 ","$8,409.91 ",2016-02-11,Silver,On-premises,2
8,59,"$51,824.58 ","$9,812.44 ",2016-06-10,Gold,On-premises,2
1,45,"$96,503.77 ","$7,220.39 ",2018-05-28,Diamond,On-premises,5
8,40,"$83,735.76 ","$7,828.24 ",2015-04-05,Gold,On-premises,3
8,21,"$92,022.71 ","$9,218.50 ",2017-09-15,Premium,On-premises,2
14,14,"$30,005.06 ","$6,850.77 ",2015-04-13,Gold,Cloud,1
18,24,"$48,854.48 ","$9,012.16 ",2017-05-08,Silver,Cloud,2
4,56,"$48,818.66 ","$5,198.25 ",2016-12-11,Gold,On-premises,5
2,4,"$49,240.38 ","$5,341.48 ",2015-12-19,Premium,On-premises,5
13,48,"$31,246.10 ","$8,295.35 ",2015-08-04,Silver,On-premises,5
16,18,"$34,682.79 ","$5,174.66 ",2017-03-26,Premium,On-premises,1
16,53,"$101,427.21 ","$9,012.02 ",2016-12-21,Silver,On-premises,2
4,32,"$43,781.40 ","$11,484.86 ",2016-09-07,Diamond,On-premises,3